URL,Marque,Modèle,Prix,Carrosserie,Etat,Sieges,Portes,Annonce ID,Garantie,Kilometrage,Annee,Puissance,Transmission,Cylindree,Carburant,CO2,Couleur originale,Type peinture,Couleur interieur,position_page
https://www.autoscout24.fr/offres/renault-espace-2-0-dci-150ch-fap-initiale-7-places-diesel-noir-ec2d98bc-3396-4d95-b910-272d63aa88f3,,,,Monospace,Occasion,6,5,2124,3 mois,,11/2009,112 kW (152 CH),Boîte manuelle,1 995 cm³,Diesel,197 g/km (mixte),NOIR,Métallisé,Noir,19
https://www.autoscout24.fr/offres/ford-kuga-2-0-tdci-150ch-stop-u0026start-titanium-4x2-diesel-gris-549bd00c-7526-4bc9-8732-7ae70b6eea88,,,,SUV/4x4/Pick-Up,Occasion,5,5,12568,12 mois,,12/2017,112 kW (152 CH),Boîte manuelle,1 997 cm³,Diesel,122 g/km (mixte),GRIS C,,Noir,13
https://www.autoscout24.fr/offres/volkswagen-golf-2-0-tsi-210ch-gti-dsg6-3p-essence-blanc-f07258a2-2a54-442c-86ad-b23c487def8b,,,,Berline,Occasion,5,3,12583,12 mois,,11/2011,157 kW (213 CH),Boîte automatique,1 984 cm³,Essence,173 g/km (mixte),BLANC,,Noir,11
https://www.autoscout24.fr/offres/citroen-ds3-ds3-thp-150-sport-chic-essence-blanc-f09cc563-8605-4c0d-974d-065bf5e8a0b7,,,,Berline,Occasion,5,3,156,3 mois,,01/2011,115 kW (156 CH),Avant,1 598 cm³,Essence,,Blanc,,Rouge,10
https://www.autoscout24.fr/offres/peugeot-308-1-2-puretech-130ch-allure-s-u0026s-5p-essence-gris-bb138208-bdef-4a2d-b247-fbafc65f7624,,,,Berline,Occasion,5,5,2050,3 mois,,06/2015,97 kW (132 CH),Boîte manuelle,1 199 cm³,Essence,107 g/km (mixte),GRIS C,,Noir,5
https://www.autoscout24.fr/offres/toyota-verso-1-6-d-4d-112-long-dynamic-diesel-blanc-be4c74f6-a136-4de5-b45f-2dc54c083bcf,,,,Monospace,Occasion,7,5,r0069463,6 mois,,01/2016,82 kW (111 CH),Boîte manuelle,,Diesel,119 g/km (mixte),Blanc,,Gris,16
https://www.autoscout24.fr/offres/mercedes-benz-cl-220-cdi-blueefficiency-diesel-blanc-674e8e33-729c-41eb-b5dd-e572d5c77f50,,,,Coupé,Occasion,4,2,1y0m56pxr,6 mois,,07/2011,125 kW (170 CH),Boîte manuelle,2 143 cm³,Diesel,,White,,Noir,19
https://www.autoscout24.fr/offres/dacia-sandero-1-5-dci-85ch-eco2-prestige-diesel-bleu-affc672b-65bb-4134-87b5-7bda29b86d77,,,,Berline,Occasion,5,5,12705,12 mois,,06/2010,63 kW (86 CH),Boîte manuelle,1 461 cm³,Diesel,115 g/km (mixte),BLEU F,,Noir,17
https://www.autoscout24.fr/offres/bmw-116-116i-109-lounge-start-essence-noir-fa494fbd-fc78-4b76-ac3b-07de07d2dbe8,,,,Berline,Occasion,5,5,r0070684,6 mois,,06/2016,80 kW (109 CH),Boîte manuelle,,Essence,123 g/km (mixte),Noir,,Noir,15
https://www.autoscout24.fr/offres/peugeot-3008-1-5-bluehdi-130ch-s-u0026s-active-business-eat8-diesel-gris-99426886-51b7-4630-8920-409909b40bdf,,,,SUV/4x4/Pick-Up,Occasion,5,5,12422,12 mois,,06/2021,98 kW (133 CH),Boîte automatique,1 499 cm³,Diesel,136 g/km (mixte),GRIS F,,Noir,14
https://www.autoscout24.fr/offres/volkswagen-tiguan-2-0-tdi-140ch-bluemotion-technology-fap-sportline-diesel-noir-b0c097f8-d6cd-4044-8910-4f7bd32eec18,,,,SUV/4x4/Pick-Up,Occasion,5,5,13824,3 mois,,09/2011,104 kW (141 CH),Boîte manuelle,1 968 cm³,Diesel,150 g/km (mixte),NOIR,,Noir,12
https://www.autoscout24.fr/offres/renault-zoe-r240-22-kwh-life-premiere-main-entretien-constru-electrique-blanc-337f96c2-466b-4644-b9c4-70bb13db7e92,,,,Citadine,Occasion,5,5,r0070600,6 mois,,08/2016,68 kW (92 CH),Boîte automatique,,Electrique,0 g/km (mixte),Blanc,,Noir,7
https://www.autoscout24.fr/offres/peugeot-2008-1-5-bluehdi-130ch-s-u0026s-allure-business-eat8-diesel-gris-6f4fd845-75d7-47a3-a56e-eeb5e8d06307,,,,SUV/4x4/Pick-Up,Occasion,5,5,12515,12 mois,,05/2021,98 kW (133 CH),Boîte automatique,1 499 cm³,Diesel,123 g/km (mixte),GRIS F,,Noir,19
https://www.autoscout24.fr/offres/peugeot-5008-1-2-puretech-allure-s-u0026s-7pl-essence-gris-1acf7ca3-32d3-4b4e-843e-1bfa0091d96b,,,,Monospace,Occasion,7,5,2024,3 mois,,07/2016,97 kW (132 CH),Boîte manuelle,1 199 cm³,Essence,124 g/km (mixte),GRIS C,,Noir,13
https://www.autoscout24.fr/offres/peugeot-308-1-6-bluehdi-fap-120ch-business-pack-diesel-noir-806dcb0e-acd1-449d-8e6e-b5da52a55454,,,,Break,Occasion,5,5,2123,3 mois,,12/2015,90 kW (122 CH),Boîte manuelle,1 560 cm³,Diesel,85 g/km (mixte),NOIR,,Noir,12
https://www.autoscout24.fr/offres/bmw-216-bmw-srie-2-grand-coupe-216-da-bva8-business-an-202-diesel-noir-96cff4ee-8cfa-4768-82cf-78128980bcb6,,,,Berline,Occasion,5,,VRZ_CC04DA,6 mois,,01/2021,85 kW (116 CH),Boîte automatique,,Diesel,,Noir,Métallisé,Noir,9
https://www.autoscout24.fr/offres/audi-a4-2-0-tdi-150ch-dpf-s-line-multitronic-diesel-blanc-f1de129b-2ffd-487a-84bd-b9eb2a184b76,,,,Berline,Occasion,5,4,2154,6 mois,,03/2014,112 kW (152 CH),Boîte automatique,1 968 cm³,Diesel,127 g/km (mixte),BLANC,,Noir,20
https://www.autoscout24.fr/offres/peugeot-rifter-1-5-bluehdi-130cv-allure-long-7-places-11659ht-l3-diesel-bleu-0284a64c-8b5b-475d-b7ad-3fdbff4643e7,,,,Monospace,Occasion,7,,VRZ_6A4713,,,05/2019,96 kW (131 CH),Boîte manuelle,,Diesel,,Bleu,Métallisé,Noir,8
https://www.autoscout24.fr/offres/citroen-c6-2-2-hdi173-16v-lignage-fap-diesel-gris-08df5622-16e6-45a8-acde-0d44fe009e30,,,,Berline,Occasion,5,,13813,,,05/2007,129 kW (175 CH),Boîte manuelle,2 179 cm³,Diesel,175 g/km (mixte),GRIS C,,Gris,20
https://www.autoscout24.fr/offres/nissan-qashqai-1-2l-dig-t-115ch-acenta-essence-blanc-37980fba-ee1b-4eef-96ba-50ff55dff9f7,,,,SUV/4x4/Pick-Up,Occasion,5,5,2053,3 mois,,06/2014,86 kW (117 CH),Boîte manuelle,1 197 cm³,Essence,129 g/km (mixte),BLANC,,Noir,15
https://www.autoscout24.fr/offres/peugeot-2008-1-2-puretech-82ch-style-essence-gris-fa5a366c-9673-425c-8bef-5cf0b60673ae,,,,SUV/4x4/Pick-Up,Occasion,5,5,1964,3 mois,,12/2017,61 kW (83 CH),Boîte manuelle,1 199 cm³,Essence,114 g/km (mixte),GRIS C,,Noir,19
https://www.autoscout24.fr/offres/volkswagen-touran-1-6-tdi-105ch-bluemotion-fap-confortline-diesel-gris-ab9c281e-1f3e-4a88-b1c1-9fcb2f9f1565,,,,Autres,Occasion,7,5,3508,6 mois,,03/2011,78 kW (106 CH),Boîte manuelle,1 598 cm³,Diesel,121 g/km (mixte),GRIS C,,Noir,18
https://www.autoscout24.fr/offres/chevrolet-aveo-1-4-16v-lt-5p-essence-noir-f5ab38a5-6167-4a82-b9cd-1060280aaaa5,,,,Berline,Occasion,5,5,2108,3 mois,,07/2009,75 kW (102 CH),Boîte manuelle,1 399 cm³,Essence,140 g/km (mixte),NOIR,,Noir,12
https://www.autoscout24.fr/offres/tesla-model-3-3-2-275-autonomie-standard-plus-electrique-noir-34af3ae5-e68c-4486-a983-bac8552c1c47,,,,Berline,Occasion,5,4,7203,,,12/2021,,Boîte automatique,,Electrique,0 g/km (mixte),NOIR,,Noir,11
https://www.autoscout24.fr/offres/audi-a1-1-4-tdi-90-ambiente-diesel-cac16650-feef-4a25-9869-6e3d58ee5819,,,,Citadine,Occasion,5,5,r0070854,6 mois,,09/2015,66 kW (90 CH),Boîte manuelle,,Diesel,91 g/km (mixte),Gris clair,,Noir,14
https://www.autoscout24.fr/offres/bmw-325-325i-218ch-excellis-steptronic-a-2-eme-main-essence-gris-b5e3c5a7-07c3-4c15-bec2-141951e26fc5,,,,Coupé,Occasion,4,2,vq9gigf,6 mois,,06/2012,160 kW (218 CH),Boîte automatique,2 996 cm³,Essence,,GRIS CLAIR,,Noir,9
https://www.autoscout24.fr/offres/dacia-duster-1-5-dci-85ch-laureate-4x2-diesel-brun-def6f264-ee62-4d65-ad8a-04ee6ce92310,,,,SUV/4x4/Pick-Up,Occasion,5,5,813,3 mois,,06/2010,63 kW (86 CH),Boîte manuelle,1 461 cm³,Diesel,135 g/km (mixte),MARRON,,Noir,5
https://www.autoscout24.fr/offres/peugeot-308-1-2-puretech-110ch-e6-c-s-u0026s-allure-essence-gris-14363057-1c84-4bf2-b8fe-8272d4752364,,,,Berline,Occasion,5,5,2077,3 mois,,03/2018,82 kW (111 CH),Boîte manuelle,1 199 cm³,Essence,113 g/km (mixte),GRIS F,,Noir,16
https://www.autoscout24.fr/offres/alfa-romeo-giulietta-1-6-jtdm-105-veloce-start-stop-diesel-bf7a9cda-43c9-443e-a61e-27412aef8933,,,,Citadine,Occasion,5,5,d138591,6 mois,,10/2012,105 kW (143 CH),Boîte manuelle,,Diesel,114 g/km (mixte),Rouge,,Noir,9
https://www.autoscout24.fr/offres/peugeot-rcz-1-6-thp-16v-156ch-essence-gris-6e655dd4-cefa-4601-9f6e-71d7cea7950b,,,,Coupé,Occasion,4,2,4501,12 mois,,08/2010,116 kW (158 CH),Boîte manuelle,1 598 cm³,Essence,149 g/km (mixte),GRIS C,Métallisé,Noir,19
https://www.autoscout24.fr/offres/kia-rio-rio-1-5-crdi-90-best-diesel-noir-f60d2447-f7de-4aa8-bae4-c2552144c379,,,,Berline,Occasion,5,5,159,3 mois,,03/2009,66 kW (90 CH),Boîte manuelle,1 460 cm³,Diesel,119 g/km (mixte),Noir,,Noir,9
https://www.autoscout24.fr/offres/hummer-h3-3-5-bva-pack-cuir-toe-essence-noir-8c764df5-2dc4-4af3-a267-9a35b4f028e2,,,,SUV/4x4/Pick-Up,Occasion,5,5,8118,,,02/2006,164 kW (223 CH),Boîte automatique,3 460 cm³,Essence,328 g/km (mixte),NOIR,,Autres,7
https://www.autoscout24.fr/offres/volkswagen-touareg-3-0-v6-tdi-204-4motion-bluemotion-carat-edition-diesel-blanc-ea703df0-e9c5-45d0-938e-1f9f8f145771,,,,SUV/4x4/Pick-Up,Occasion,5,5,jm0pvd59,6 mois,,09/2015,150 kW (204 CH),Boîte automatique,2 967 cm³,Diesel,,White,,Noir,17
https://www.autoscout24.fr/offres/peugeot-308-1-6-bluehdi-120ch-gt-line-toit-pano-carplay-u002-diesel-blanc-d5cf25f6-204f-4754-a73d-6c7e2e366769,,,,Berline,Occasion,5,5,8u7rxvco,12 mois,,12/2017,88 kW (120 CH),Boîte manuelle,1 560 cm³,Diesel,,White,,Noir,11
https://www.autoscout24.fr/offres/chevrolet-captiva-2-4-ecotec-167-2wd-lt-essence-a0e89ab7-55d2-4b87-91c0-317f88facf56,,,,SUV/4x4/Pick-Up,Occasion,7,5,r0066979,6 mois,,02/2012,123 kW (167 CH),Boîte manuelle,,Essence,210 g/km (mixte),Gris foncé,,Noir,8
https://www.autoscout24.fr/offres/toyota-rav-4-143-d-4d-2wd-design-diesel-blanc-a8f091cf-c215-47c4-bae1-9dcfaa3029b0,,,,SUV/4x4/Pick-Up,Occasion,5,5,u2qeoc5q,6 mois,,09/2017,105 kW (143 CH),Boîte manuelle,1 995 cm³,Diesel,,White,,Noir,7
https://www.autoscout24.fr/offres/peugeot-5008-active-business-1-2-pt-130cv-bva8-10825ht-7-places-essence-bleu-1a161ef9-2567-4460-8323-673c08bf9270,,,,Monospace,Occasion,7,,VRZ_8AA75B,,,06/2019,96 kW (131 CH),Boîte automatique,,Essence,,Bleu,Métallisé,Gris,6
https://www.autoscout24.fr/offres/toyota-hilux-iv-4wd-2-4-d-4d-150-xtra-cab-diesel-ed6bdd0d-683f-4468-8c1a-6bdac4a6746e,,,,SUV/4x4/Pick-Up,Occasion,4,4,2763,,,02/2019,110 kW (150 CH),Boîte automatique,,Diesel,,Gris foncé,Métallisé,Noir,5
https://www.autoscout24.fr/offres/renault-arkana-business-1-6-e-tech-hybrid-145cv-bva6-11659ht-entr-electrique-essence-gris-ee8bf120-4228-49cc-93f7-f8097f5ad253,,,,Berline,Occasion,5,,VRZ_014A72,,,06/2022,107 kW (145 CH),Boîte automatique,,,,Gris,Métallisé,Gris,17
https://www.autoscout24.fr/offres/toyota-corolla-122h-dynamic-business-electrique-essence-gris-8318459e-69be-4e8e-a7ec-8407c601244d,,,,Berline,Occasion,5,5,2jgemiy4p,6 mois,,09/2020,72 kW (98 CH),Boîte automatique,1 798 cm³,,,GRIS CLAIR,,Noir,15
https://www.autoscout24.fr/offres/peugeot-3008-1-2-puretech-130-allure-business-entretien-const-essence-blanc-45eb70a2-c30e-44ad-9e1b-732c1e27bf16,,,,SUV/4x4/Pick-Up,Occasion,5,5,r0070676,6 mois,,09/2018,96 kW (131 CH),Boîte manuelle,,Essence,118 g/km (mixte),Blanc,,Noir,13
https://www.autoscout24.fr/offres/ds-automobiles-ds-7-crossback-1-5-bluehdi-130-eat8-business-automatique-entret-diesel-c728574e-297b-47f1-9cc3-0c5a6a421fd7,,,,SUV/4x4/Pick-Up,Occasion,5,5,r0070393,6 mois,,12/2020,96 kW (131 CH),Boîte automatique,,Diesel,136 g/km (mixte),Gris foncé,,Noir,4
https://www.autoscout24.fr/offres/kia-sportage-active-business-1-6-t-gdi-265-phev-4wd-11-2022-191-electrique-essence-vert-963f3778-1b5d-4a62-ae50-bc36cedb4e31,,,,SUV/4x4/Pick-Up,Occasion,5,,VRZ_C4A339,,,11/2022,195 kW (265 CH),Boîte automatique,,,,Vert,Métallisé,Gris,18
https://www.autoscout24.fr/offres/ford-mustang-kit-shelby-tout-compris-hors-homologation-4500e-essence-rouge-d4d24557-df52-40ba-805b-bec9d9034b19,,,,Coupé,Occasion,4,4,159630,,,07/2017,233 kW (317 CH),Avant,2 300 cm³,Essence,250 g/km (mixte),Rouge,Métallisé,Noir,17
https://www.autoscout24.fr/offres/mercedes-benz-cl-320-cdi-edition-10-7g-tronic-diesel-noir-dd5a5235-6b0b-48fe-89a8-e94546c7c2a4,,,,SUV/4x4/Pick-Up,Occasion,5,5,5pmw1hf7,6 mois,,03/2008,165 kW (224 CH),Boîte automatique,2 987 cm³,Diesel,,Black,,Beige,16
https://www.autoscout24.fr/offres/citroen-berlingo-1-5-bluehdi-100-diesel-blanc-ab0296fb-297b-4510-97ca-478ff5b7866b,,,,Autres,Occasion,2,,2618,,,09/2020,55 kW (75 CH),Boîte manuelle,,Diesel,,Blanc,Métallisé,Noir,9
https://www.autoscout24.fr/offres/alfa-romeo-spider-2-2-jts-distinctive-essence-rouge-3a7c6094-d5fe-41b0-bb92-5d0492726d2d,,,,Cabriolet,Occasion,4,2,4512,12 mois,,06/2007,138 kW (188 CH),Boîte manuelle,2 198 cm³,Essence,221 g/km (mixte),ROUGE,Métallisé,Noir,7
https://www.autoscout24.fr/offres/jaguar-xf-2-7d-bi-turbo-luxe-diesel-noir-2e04376d-7c92-436a-a32a-16f6e8d55fcf,,,,Berline,Occasion,5,4,12096,,,09/2008,154 kW (209 CH),Boîte automatique,2 720 cm³,Diesel,199 g/km (mixte),NOIR,,Beige,6
https://www.autoscout24.fr/offres/peugeot-208-1-2-puretech-82ch-style-5p-essence-gris-997fe368-8b30-4610-8a59-ad75cedc8b81,,,,Berline,Occasion,5,5,2054,3 mois,,02/2017,61 kW (83 CH),Boîte manuelle,1 199 cm³,Essence,104 g/km (mixte),GRIS C,,Noir,18
https://www.autoscout24.fr/offres/audi-tt-2-0-tfsi-230ch-s-line-s-tronic-6-essence-blanc-c71ecee0-0760-45fd-823e-a33d08642a1f,,,,Coupé,Occasion,4,2,11899,,,02/2015,172 kW (234 CH),Boîte automatique,1 984 cm³,Essence,150 g/km (mixte),BLANC,,Noir,17
https://www.autoscout24.fr/offres/land-rover-range-rover-velar-2-0d-240ch-awd-bva-diesel-gris-bb09010f-bb43-44dc-ad52-b1aee8ce1f70,,,,SUV/4x4/Pick-Up,Occasion,5,5,15284,3 mois,,01/2019,179 kW (243 CH),Boîte automatique,1 999 cm³,Diesel,171 g/km (mixte),GRIS,,Noir,15
https://www.autoscout24.fr/offres/dacia-duster-dci-110-prestige-diesel-blanc-92094ba4-bffd-4ac3-b20f-0e122690ca70,,,,SUV/4x4/Pick-Up,Occasion,5,5,21m59cizk,6 mois,,03/2018,81 kW (110 CH),Boîte manuelle,1 461 cm³,Diesel,,White,,Noir,14
https://www.autoscout24.fr/offres/mercedes-benz-c-180-d-amg-line-garantie-12-mois-diesel-gris-0b6c7efc-9c27-4fec-ae79-306d529e90ef,,,,Berline,Occasion,5,4,1871,12 mois,,01/2018,85 kW (116 CH),Avant,1 598 cm³,Diesel,110 g/km (mixte),Gris sélénite,Métallisé,Noir,11
https://www.autoscout24.fr/offres/mercedes-benz-others-2-0-180-cdi-110-avantgarde-contact-cvt-bva-diesel-2a57e21b-23d5-476a-9e42-235c1782b63a,,,,Citadine,Occasion,5,5,d138787,,,02/2012,109 kW (148 CH),Boîte automatique,,Diesel,144 g/km (mixte),NOIR,,Autres,8
https://www.autoscout24.fr/offres/volkswagen-polo-1-2-70ch-united-5p-essence-gris-6c8f6915-7421-4613-8190-449e29291536,,,,Berline,Occasion,5,5,4522,6 mois,,02/2008,52 kW (71 CH),Boîte manuelle,1 198 cm³,Essence,138 g/km (mixte),GRIS,Métallisé,Noir,18
https://www.autoscout24.fr/offres/peugeot-308-1-6-bluehdi-100ch-active-s-u0026s-5p-diesel-gris-8102c597-0347-4159-a016-bdd14679d467,,,,Berline,Occasion,5,5,1978,3 mois,,09/2015,75 kW (102 CH),Boîte manuelle,1 560 cm³,Diesel,94 g/km (mixte),GRIS C,,Noir,17
https://www.autoscout24.fr/offres/mercedes-benz-glb-200-200d-150ch-amg-line-8g-dct-diesel-gris-ff78e5aa-aa8b-420c-83b5-2114d1999244,,,,SUV/4x4/Pick-Up,Occasion,7,5,12716,,,05/2022,112 kW (152 CH),Boîte automatique,1 950 cm³,Diesel,143 g/km (mixte),GRIS F,,Noir,5
https://www.autoscout24.fr/offres/bmw-118-e81-e87-118d-143ch-edition-5p-diesel-noir-a1962cf9-0f99-4388-a972-3614d7469d61,,,,Berline,Occasion,5,5,2127,6 mois,,02/2011,107 kW (145 CH),Boîte manuelle,1 995 cm³,Diesel,119 g/km (mixte),NOIR,Métallisé,Noir,18
https://www.autoscout24.fr/offres/land-rover-discovery-sport-2-0-td4-150-4wd-bva9-executive-diesel-noir-ee214567-4180-4b01-999d-dcdbdeaeee5d,,,,SUV/4x4/Pick-Up,Occasion,5,5,r0070820,6 mois,,04/2018,110 kW (150 CH),Boîte automatique,,Diesel,139 g/km (mixte),Noir,,Noir,11
https://www.autoscout24.fr/offres/peugeot-308-1-2-puretech-130ch-allure-s-u0026s-essence-blanc-3d658875-4556-4d57-8515-9035563d337e,,,,Break,Occasion,5,5,2022,3 mois,,09/2016,97 kW (132 CH),Boîte manuelle,1 199 cm³,Essence,106 g/km (mixte),BLANC,,Noir,10
https://www.autoscout24.fr/offres/toyota-hilux-iv-4wd-2-4-d-4d-150-double-cabine-diesel-blanc-0027ca3c-14a4-4f9b-9724-1d60123a13b8,,,,SUV/4x4/Pick-Up,Occasion,5,4,2573,,,02/2018,110 kW (150 CH),Boîte manuelle,,Diesel,,Blanc,Métallisé,Noir,8
https://www.autoscout24.fr/offres/seat-arona-1-5-tsi-150-dsg7-fr-automatique-entretien-constr-essence-4157d1ca-8430-4776-a439-02e8d093f82d,,,,SUV/4x4/Pick-Up,Occasion,5,5,r0069779,6 mois,,03/2021,110 kW (150 CH),Boîte automatique,,Essence,141 g/km (mixte),Gris foncé,,Gris,5
https://www.autoscout24.fr/offres/volkswagen-passat-cc-2-0-16s-tdi-cr-140-fap-carat-edition-diesel-gris-f96ddf3d-3308-4767-b3a5-dcdecc78a344,,,,Berline,Occasion,4,4,6kfyjqk1,6 mois,,06/2011,103 kW (140 CH),Boîte manuelle,1 968 cm³,Diesel,,GRIS CLAIR,,Brun,19
https://www.autoscout24.fr/offres/mercedes-benz-glk-220-220-cdi-sport-4matic-7gtronic-diesel-noir-3e52c774-5eaf-4f86-a221-efb1c130944b,,,,SUV/4x4/Pick-Up,Occasion,5,5,4248,12 mois,,07/2013,127 kW (173 CH),Semi-automatique,2 143 cm³,Diesel,159 g/km (mixte),NOIR,,Noir,11
https://www.autoscout24.fr/offres/peugeot-308-1-2-puretech-gt-line-eat8-essence-rouge-ea18ac70-0a0d-4949-a736-ebdab4e94bdf,,,,Berline,Occasion,5,5,SX54865,12 mois,,09/2019,96 kW (131 CH),Avant,1 199 cm³,Essence,106 g/km (mixte),Rouge,Métallisé,Noir,6
https://www.autoscout24.fr/offres/ds-automobiles-ds-5-2-0-bluehdi-180-eat6-sport-chic-diesel-noir-c865af46-6154-499f-9691-2fedef09a7c5,,,,Berline,Occasion,5,5,r0070679,6 mois,,01/2017,133 kW (181 CH),Boîte automatique,,Diesel,117 g/km (mixte),Noir,,Blanc,19
https://www.autoscout24.fr/offres/renault-captur-1-2-tce-energy-hypnotic-edc-essence-gris-06b35cfc-f0f5-48f4-86ee-7469e0a17aac,,,,SUV/4x4/Pick-Up,Occasion,5,5,RK44066,12 mois,,01/2016,87 kW (118 CH),Avant,1 197 cm³,Essence,125 g/km (mixte),Gris,Métallisé,Noir,17
https://www.autoscout24.fr/offres/volkswagen-polo-v-1-0-tsi-95-connect-essence-875a7e47-d96e-4dbe-9047-cd1c82a5837f,,,,Citadine,Occasion,5,5,r0070671,6 mois,,04/2019,70 kW (95 CH),Boîte manuelle,,Essence,101 g/km (mixte),Gris clair,,Noir,14
https://www.autoscout24.fr/offres/hyundai-ix35-1-7-crdi-115-bluedrive-creative-2wd-diesel-95a2f1bc-31c5-4e28-8a27-b2c4944be938,,,,Citadine,Occasion,5,5,d138497,6 mois,,06/2015,116 kW (158 CH),Boîte manuelle,,Diesel,135 g/km (mixte),Blanc,,Noir,13
https://www.autoscout24.fr/offres/mercedes-benz-cl-200-d-150cv-bva-8-amg-line-toit-ouvrant-19159ht-en-diesel-bleu-e54d750f-cb92-4cd7-aade-f7862456026e,,,,Berline,Occasion,5,,VRZ_0FC4DE,,,02/2020,110 kW (150 CH),Boîte automatique,,Diesel,,Bleu,Métallisé,Noir,8
https://www.autoscout24.fr/offres/citroen-c3-puretech-82-feel-essence-blanc-ebaa2007-a9af-4a20-863a-59f34bbb21d1,,,,Berline,Occasion,5,5,21182646MB2019100760blancbanquise,,,10/2019,60 kW (82 CH),Boîte manuelle,1 199 cm³,Essence,96 g/km (mixte),Blanc Banquise,,Gris,20
https://www.autoscout24.fr/offres/peugeot-308-ii-1-6-thp-205-gt-essence-blanc-cff3283f-79c1-46d9-90d4-43d4bd5a9f30,,,,Berline,Occasion,5,5,r0070794,6 mois,,06/2016,151 kW (205 CH),Boîte manuelle,,Essence,130 g/km (mixte),Blanc,,Noir,16
https://www.autoscout24.fr/offres/kia-soul-1-6-crdi-buzz-essence-noir-59461a9c-4139-44e8-8462-36e3df381f94,,,,SUV/4x4/Pick-Up,Occasion,5,5,4518,12 mois,,01/2011,96 kW (131 CH),Boîte manuelle,1 582 cm³,Essence,137 g/km (mixte),NOIR,Métallisé,Noir,15
https://www.autoscout24.fr/offres/tesla-model-3-standard-rwd-plus-my22-electrique-blanc-b58371c4-38b3-4e2e-967f-5607999c5af2,,,,Berline,Occasion,5,5,88,,,03/2022,205 kW (279 CH),Boîte automatique,,Electrique,0 g/km (mixte),BLANC,,Noir,13
https://www.autoscout24.fr/offres/kia-soul-ev-110-ultimate-automatique-electrique-blanc-606604db-2f13-4628-8e6f-547c90b1ec24,,,,SUV/4x4/Pick-Up,Occasion,5,5,r0070872,6 mois,,09/2016,100 kW (136 CH),Boîte automatique,,Electrique,0 g/km (mixte),Blanc,,Gris,10
https://www.autoscout24.fr/offres/ford-kuga-2-0-tdci-163ch-fap-titanium-4x4-diesel-blanc-838d8dfa-efba-4897-854e-fc9afa7de0d3,,,,SUV/4x4/Pick-Up,Occasion,5,5,2092,3 mois,,04/2011,122 kW (166 CH),Boîte manuelle,1 997 cm³,Diesel,149 g/km (mixte),BLANC,,Gris,9
https://www.autoscout24.fr/offres/audi-rs5-r-abt-quattro-1-of-50-essence-gris-82f67ad0-52f0-44e7-9574-4e1eeef13f16,,,,Coupé,Occasion,4,,VRZ_ED8449,,,12/2017,331 kW (450 CH),Boîte automatique,,Essence,,Gris,Métallisé,Noir,5
https://www.autoscout24.fr/offres/peugeot-5008-bluehdi-130-s-u0026amp-s-active-business-7-places-diesel-noir-5290cce9-54ab-40c5-8681-071edb05009c,,,,SUV/4x4/Pick-Up,Occasion,7,5,3ctw82ku6,6 mois,,09/2020,96 kW (131 CH),Boîte manuelle,1 499 cm³,Diesel,,Black,,Noir,7
https://www.autoscout24.fr/offres/volkswagen-cc-2-0-tdi-184-carat-diesel-bleu-db394030-3bff-4835-ac48-0e364ef857b2,,,,Berline,Occasion,5,4,5upu8r4a,6 mois,,11/2016,135 kW (184 CH),Boîte manuelle,1 968 cm³,Diesel,,BLEU FONCE,,Noir,4
https://www.autoscout24.fr/offres/bmw-x3-f25-xdrive-20d-190-bva8-business-diesel-noir-c0ec7b9b-3901-44b0-940c-6d8303f60e66,,,,SUV/4x4/Pick-Up,Occasion,5,5,r0070265,6 mois,,11/2014,140 kW (190 CH),Boîte automatique,,Diesel,131 g/km (mixte),Noir,,Beige,3
https://www.autoscout24.fr/offres/peugeot-3008-1-6-bluehdi-120-eat6-active-business-diesel-noir-568ef230-ec09-4247-8b43-c7777812ce47,,,,Monospace,Occasion,5,5,r0070621,6 mois,,06/2016,88 kW (120 CH),Boîte automatique,,Diesel,112 g/km (mixte),Noir,,Noir,2
https://www.autoscout24.fr/offres/mercedes-benz-a-250-phev-mbux-27-196-km-zetelverw-berline-electrique-essence-argent-c17d357e-a989-4e8c-aad8-9a284fe39298,,,,Berline,Occasion,5,4,02d2f026-6176-4670-8d85-2aaf186c9087,,,07/2021,160 kW (218 CH),Avant,1 332 cm³,,32 g/km (mixte),Argent,Métallisé,Noir,2
https://www.autoscout24.fr/offres/citroen-ds4-1-2-130-sport-chic-cam-recul-cuir-distrib-ok-essence-blanc-754e485c-ccd9-4b13-b81b-e8bf40cd3b2d,,,,Berline,Occasion,5,,VRZ_B63077,6 mois,,05/2016,96 kW (131 CH),Boîte manuelle,,Essence,,Blanc,,Noir,3
https://www.autoscout24.fr/offres/peugeot-308-ii-1-2-puretech-130-gt-line-essence-blanc-17cec033-5adf-48aa-8522-925b3c20d001,,,,Berline,Occasion,5,5,r0070653,6 mois,,05/2017,96 kW (131 CH),Boîte manuelle,,Essence,107 g/km (mixte),Blanc,,Noir,1
https://www.autoscout24.fr/offres/peugeot-ion-67-16-kwh-electrique-247e17fd-edd9-4dd2-8e02-d94ed10526fe,,,,Citadine,Occasion,4,5,r0070397,6 mois,,03/2018,35 kW (48 CH),Boîte automatique,,Electrique,0 g/km (mixte),Gris clair,,Bleu,2
https://www.autoscout24.fr/offres/mercedes-benz-e-350-350-cdi-executive-be-ba-diesel-gris-679c9711-00b5-4aed-b6c0-9755195b9c5e,,,,Cabriolet,Occasion,4,2,15313,,,06/2010,172 kW (234 CH),Boîte automatique,2 987 cm³,Diesel,185 g/km (mixte),GRIS,,Gris,2
https://www.autoscout24.fr/offres/audi-a3-1-8-tfsi-160ch-ambition-3p-essence-rouge-76133dbe-49ed-4b0a-b53d-6c65e18ccffe,,,,Berline,Occasion,5,3,70,,,10/2008,119 kW (162 CH),Boîte manuelle,1 798 cm³,Essence,171 g/km (mixte),BORDEAU,Métallisé,Gris,2
https://www.autoscout24.fr/offres/citroen-c4-picasso-2-0-hdi160-fap-exclusive-ba-diesel-noir-53046179-6bbb-4ba2-9ad6-73d3bf355b4a,,,,Monospace,Occasion,5,5,14048,3 mois,,02/2013,122 kW (166 CH),Boîte automatique,1 997 cm³,Diesel,175 g/km (mixte),NOIR,,Noir,2
https://www.autoscout24.fr/offres/volkswagen-arteon-2-0-tdi-150-scr-dsg7-elegance-5p-diesel-gris-5ea2f8fa-92a1-4f3a-b5c2-0d7767213dbf,,,,Berline,Occasion,5,5,dkcdldbbr,6 mois,,11/2018,110 kW (150 CH),Boîte automatique,1 968 cm³,Diesel,,GRIS CLAIR,,Noir,1
https://www.autoscout24.fr/offres/hyundai-trajet-2-0-crdi-pack-confort-diesel-noir-62515409-a41f-49f2-bd6d-ce80535f11bd,,,,Monospace,Occasion,7,5,12728,3 mois,,01/2007,84 kW (114 CH),Boîte manuelle,1 991 cm³,Diesel,192 g/km (mixte),NOIR,Métallisé,Noir,3
https://www.autoscout24.fr/offres/mercedes-benz-a-200-200-cdi-elegance-diesel-noir-2da92639-ceb8-47fc-b097-16f846b9ca97,,,,Monospace,Occasion,5,5,2156,3 mois,,05/2010,104 kW (141 CH),Boîte manuelle,1 991 cm³,Diesel,135 g/km (mixte),NOIR,Métallisé,Beige,2
https://www.autoscout24.fr/offres/peugeot-308-1-2-puretech-110ch-s-u0026s-allure-essence-bleu-0fcc119a-d539-4c79-8671-64bd8802669a,,,,Break,Occasion,5,5,2087,3 mois,,01/2019,82 kW (111 CH),Boîte manuelle,1 199 cm³,Essence,124 g/km (mixte),BLEU,,Noir,2
https://www.autoscout24.fr/offres/peugeot-308-1-2-puretech-130ch-6-c-s-u0026s-allure-essence-noir-5f768195-f86a-4f8b-85e7-bdff959d9d79,,,,Berline,Occasion,5,5,2088,3 mois,,03/2018,97 kW (132 CH),Boîte manuelle,1 199 cm³,Essence,115 g/km (mixte),NOIR,,Noir,2
https://www.autoscout24.fr/offres/renault-scenic-1-3-tce-115ch-fap-life-essence-blanc-10d5d169-0be4-489f-aec9-7b64b07878d9,,,,Monospace,Occasion,5,5,2085,3 mois,,04/2018,87 kW (118 CH),Boîte manuelle,1 330 cm³,Essence,136 g/km (mixte),BLANC,,Noir,1
https://www.autoscout24.fr/offres/toyota-mirai-hydrogene-154-ch-dynamic-hydrogene-noir-d8f9d9f8-c3f0-49a8-9fc2-458f1bede654,,,,Berline,Occasion,4,5,70210986AH20211028113noirmagnetique,,,10/2021,113 kW (154 CH),Boîte automatique,,Hydrogène,1 g/km (mixte),Noir Magnétique,,Autres,3
https://www.autoscout24.fr/offres/ds-automobiles-ds-4-2-0-hdi-163-sport-chic-diesel-noir-5ff25993-aae0-4823-a38a-c70f1281cf1b,,,,Berline,Occasion,5,5,r0070812,6 mois,,03/2013,120 kW (163 CH),Boîte automatique,,Diesel,149 g/km (mixte),Noir,,Noir,4
